Feature,Importance
price,0.4273481361285981
category_code,0.24336502727061904
brand,0.21550290996526322
hour,0.11378392663551956
month,0.0
day,0.0
weekday,0.0
