Feature,Importance
event_type,0.9610432432670316
category_code,0.018958737115123015
brand,0.009355870968268834
price,0.009064230934377568
hour,0.0015779177151989498
month,0.0
day,0.0
weekday,0.0
