Approach,Model,Accuracy,Precision,Recall,F1 Score,Training Time
Approach 1,Logistic Regression,0.96698,0.0,0.0,0.0,0.59
Approach 2,Random Forest,1.0,1.0,1.0,1.0,5.6
Approach 3,Random Forest Without Leakage,0.7472,0.0406427221172022,0.5286885245901639,0.0754827384435342,23.32
Approach 4,XGBoost,0.69018,0.0368243027634182,0.5911885245901639,0.0693301291679183,2.84
